rowNumber,predictedValues
0,No_Failure
1,No_Failure
2,No_Failure
3,No_Failure
4,No_Failure
5,No_Failure
6,No_Failure
7,No_Failure
8,No_Failure
9,No_Failure
10,No_Failure
11,No_Failure
12,No_Failure
13,No_Failure
14,No_Failure
15,No_Failure
16,No_Failure
17,No_Failure
18,No_Failure
19,No_Failure
20,No_Failure
21,No_Failure
22,No_Failure
23,No_Failure
24,No_Failure
25,No_Failure
26,No_Failure
27,No_Failure
28,No_Failure
29,No_Failure
30,No_Failure
31,No_Failure
32,No_Failure
33,No_Failure
34,No_Failure
35,No_Failure
36,No_Failure
37,PWF
38,No_Failure
39,No_Failure
40,No_Failure
41,No_Failure
42,No_Failure
43,No_Failure
44,No_Failure
45,No_Failure
46,No_Failure
47,No_Failure
48,No_Failure
49,No_Failure
50,PWF
51,No_Failure
52,No_Failure
53,No_Failure
54,No_Failure
55,No_Failure
56,No_Failure
57,No_Failure
58,No_Failure
59,No_Failure
60,No_Failure
61,No_Failure
62,No_Failure
63,No_Failure
64,No_Failure
65,No_Failure
66,No_Failure
67,No_Failure
68,No_Failure
69,No_Failure
70,PWF
71,No_Failure
72,No_Failure
73,No_Failure
74,No_Failure
75,No_Failure
76,No_Failure
77,No_Failure
78,No_Failure
79,No_Failure
80,No_Failure
81,No_Failure
82,No_Failure
83,No_Failure
84,No_Failure
85,No_Failure
86,No_Failure
87,No_Failure
88,No_Failure
89,No_Failure
90,No_Failure
91,No_Failure
92,No_Failure
93,No_Failure
94,No_Failure
95,No_Failure
96,No_Failure
97,No_Failure
98,No_Failure
99,No_Failure
100,OSF
101,No_Failure
102,No_Failure
103,No_Failure
104,No_Failure
105,No_Failure
106,No_Failure
107,No_Failure
108,No_Failure
109,No_Failure
110,No_Failure
111,No_Failure
112,No_Failure
113,No_Failure
114,No_Failure
115,No_Failure
116,No_Failure
117,No_Failure
118,No_Failure
119,No_Failure
120,No_Failure
121,No_Failure
122,No_Failure
123,No_Failure
124,No_Failure
125,No_Failure
126,No_Failure
127,No_Failure
128,No_Failure
129,No_Failure
130,No_Failure
131,No_Failure
132,No_Failure
133,No_Failure
134,No_Failure
135,No_Failure
136,No_Failure
137,No_Failure
138,No_Failure
139,No_Failure
140,No_Failure
141,No_Failure
142,No_Failure
143,No_Failure
144,No_Failure
145,No_Failure
146,No_Failure
147,No_Failure
148,No_Failure
149,No_Failure
150,No_Failure
151,No_Failure
152,No_Failure
153,No_Failure
154,No_Failure
155,No_Failure
156,No_Failure
157,No_Failure
158,No_Failure
159,No_Failure
160,No_Failure
161,No_Failure
162,No_Failure
163,No_Failure
164,No_Failure
165,No_Failure
166,No_Failure
167,No_Failure
168,No_Failure
169,No_Failure
170,No_Failure
171,No_Failure
172,No_Failure
173,No_Failure
174,No_Failure
175,No_Failure
176,No_Failure
177,No_Failure
178,No_Failure
179,No_Failure
180,No_Failure
181,No_Failure
182,No_Failure
183,No_Failure
184,No_Failure
185,No_Failure
186,No_Failure
187,No_Failure
188,No_Failure
189,No_Failure
190,No_Failure
191,No_Failure
192,No_Failure
193,No_Failure
194,No_Failure
195,No_Failure
196,No_Failure
197,No_Failure
198,No_Failure
199,No_Failure
200,No_Failure
201,No_Failure
202,No_Failure
203,No_Failure
204,No_Failure
205,No_Failure
206,No_Failure
207,No_Failure
208,No_Failure
209,No_Failure
210,No_Failure
211,No_Failure
212,No_Failure
213,No_Failure
214,No_Failure
215,No_Failure
216,No_Failure
217,No_Failure
218,No_Failure
219,No_Failure
220,No_Failure
221,No_Failure
222,No_Failure
223,No_Failure
224,No_Failure
225,No_Failure
226,No_Failure
227,No_Failure
228,No_Failure
229,PWF
230,No_Failure
231,No_Failure
232,No_Failure
233,No_Failure
234,No_Failure
235,No_Failure
236,No_Failure
237,No_Failure
238,No_Failure
239,No_Failure
240,No_Failure
241,No_Failure
242,No_Failure
243,No_Failure
244,No_Failure
245,No_Failure
246,No_Failure
247,No_Failure
248,No_Failure
249,No_Failure
250,No_Failure
251,No_Failure
252,No_Failure
253,No_Failure
254,No_Failure
255,No_Failure
256,No_Failure
257,No_Failure
258,No_Failure
259,No_Failure
260,No_Failure
261,No_Failure
262,No_Failure
263,No_Failure
264,No_Failure
265,No_Failure
266,No_Failure
267,No_Failure
268,No_Failure
269,No_Failure
270,No_Failure
271,No_Failure
272,No_Failure
273,No_Failure
274,No_Failure
275,No_Failure
276,No_Failure
277,No_Failure
278,No_Failure
279,No_Failure
280,No_Failure
281,No_Failure
282,No_Failure
283,No_Failure
284,No_Failure
285,No_Failure
286,No_Failure
287,No_Failure
288,No_Failure
289,No_Failure
290,No_Failure
291,No_Failure
292,No_Failure
293,No_Failure
294,No_Failure
295,No_Failure
296,No_Failure
297,No_Failure
298,No_Failure
299,No_Failure
300,No_Failure
301,No_Failure
302,PWF
303,No_Failure
304,No_Failure
305,No_Failure
306,No_Failure
307,No_Failure
308,No_Failure
309,No_Failure
310,No_Failure
311,No_Failure
312,No_Failure
313,No_Failure
314,No_Failure
315,No_Failure
316,No_Failure
317,No_Failure
318,No_Failure
319,No_Failure
320,No_Failure
321,No_Failure
322,No_Failure
323,No_Failure
324,No_Failure
325,No_Failure
326,No_Failure
327,No_Failure
328,No_Failure
329,No_Failure
330,No_Failure
331,No_Failure
332,No_Failure
333,No_Failure
334,No_Failure
335,No_Failure
336,No_Failure
337,No_Failure
338,No_Failure
339,No_Failure
340,No_Failure
341,No_Failure
342,No_Failure
343,No_Failure
344,No_Failure
345,No_Failure
346,No_Failure
347,No_Failure
348,No_Failure
349,No_Failure
350,No_Failure
351,No_Failure
352,No_Failure
353,No_Failure
354,No_Failure
355,No_Failure
356,No_Failure
357,No_Failure
358,No_Failure
359,No_Failure
360,No_Failure
361,No_Failure
362,No_Failure
363,No_Failure
364,No_Failure
365,No_Failure
366,No_Failure
367,No_Failure
368,No_Failure
369,No_Failure
370,No_Failure
371,No_Failure
372,No_Failure
373,No_Failure
374,No_Failure
375,No_Failure
376,No_Failure
377,No_Failure
378,No_Failure
379,No_Failure
380,No_Failure
381,No_Failure
382,No_Failure
383,No_Failure
384,No_Failure
385,No_Failure
386,No_Failure
387,No_Failure
388,No_Failure
389,No_Failure
390,No_Failure
391,No_Failure
392,No_Failure
393,PWF
394,No_Failure
395,No_Failure
396,No_Failure
397,HDF
398,No_Failure
399,No_Failure
400,No_Failure
401,No_Failure
402,No_Failure
403,No_Failure
404,No_Failure
405,HDF
406,No_Failure
407,No_Failure
408,HDF
409,No_Failure
410,HDF
411,No_Failure
412,No_Failure
413,No_Failure
414,No_Failure
415,No_Failure
416,No_Failure
417,HDF
418,No_Failure
419,No_Failure
420,No_Failure
421,HDF
422,No_Failure
423,No_Failure
424,No_Failure
425,No_Failure
426,No_Failure
427,No_Failure
428,No_Failure
429,No_Failure
430,No_Failure
431,No_Failure
432,No_Failure
433,No_Failure
434,No_Failure
435,HDF
436,No_Failure
437,No_Failure
438,HDF
439,No_Failure
440,No_Failure
441,No_Failure
442,No_Failure
443,HDF
444,No_Failure
445,HDF
446,No_Failure
447,No_Failure
448,No_Failure
449,No_Failure
450,No_Failure
451,No_Failure
452,No_Failure
453,HDF
454,No_Failure
455,HDF
456,No_Failure
457,No_Failure
458,No_Failure
459,No_Failure
460,No_Failure
461,No_Failure
462,HDF
463,No_Failure
464,No_Failure
465,No_Failure
466,No_Failure
467,No_Failure
468,No_Failure
469,No_Failure
470,No_Failure
471,No_Failure
472,No_Failure
473,No_Failure
474,No_Failure
475,No_Failure
476,No_Failure
477,No_Failure
478,No_Failure
479,No_Failure
480,No_Failure
481,No_Failure
482,No_Failure
483,No_Failure
484,No_Failure
485,No_Failure
486,No_Failure
487,No_Failure
488,No_Failure
489,No_Failure
490,No_Failure
491,No_Failure
492,No_Failure
493,No_Failure
494,No_Failure
495,No_Failure
496,No_Failure
497,No_Failure
498,No_Failure
499,No_Failure
500,No_Failure
501,No_Failure
502,OSF
503,No_Failure
504,No_Failure
505,No_Failure
506,No_Failure
507,No_Failure
508,No_Failure
509,No_Failure
510,No_Failure
511,No_Failure
512,No_Failure
513,No_Failure
514,No_Failure
515,No_Failure
516,No_Failure
517,No_Failure
518,No_Failure
519,No_Failure
520,No_Failure
521,No_Failure
522,No_Failure
523,No_Failure
524,No_Failure
525,No_Failure
526,No_Failure
527,No_Failure
528,No_Failure
529,No_Failure
530,No_Failure
531,No_Failure
532,PWF
533,No_Failure
534,No_Failure
535,No_Failure
536,No_Failure
537,No_Failure
538,No_Failure
539,No_Failure
540,No_Failure
541,No_Failure
542,No_Failure
543,No_Failure
544,No_Failure
545,No_Failure
546,No_Failure
547,No_Failure
548,No_Failure
549,No_Failure
550,No_Failure
551,No_Failure
552,No_Failure
553,No_Failure
554,No_Failure
555,No_Failure
556,No_Failure
557,No_Failure
558,OSF
559,No_Failure
560,No_Failure
561,No_Failure
562,No_Failure
563,No_Failure
564,No_Failure
565,No_Failure
566,No_Failure
567,No_Failure
568,No_Failure
569,No_Failure
570,No_Failure
571,No_Failure
572,No_Failure
573,No_Failure
574,No_Failure
575,No_Failure
576,No_Failure
577,No_Failure
578,No_Failure
579,No_Failure
580,TWF
581,No_Failure
582,No_Failure
583,No_Failure
584,No_Failure
585,No_Failure
586,No_Failure
587,No_Failure
588,No_Failure
589,No_Failure
590,No_Failure
591,No_Failure
592,No_Failure
593,No_Failure
594,No_Failure
595,No_Failure
596,No_Failure
597,No_Failure
598,No_Failure
599,PWF
600,No_Failure
601,No_Failure
602,No_Failure
603,No_Failure
604,No_Failure
605,No_Failure
606,No_Failure
607,No_Failure
608,No_Failure
609,No_Failure
610,No_Failure
611,No_Failure
612,No_Failure
613,No_Failure
614,No_Failure
615,No_Failure
616,No_Failure
617,No_Failure
618,No_Failure
619,No_Failure
620,No_Failure
621,No_Failure
622,No_Failure
623,No_Failure
624,No_Failure
625,No_Failure
626,No_Failure
627,No_Failure
628,No_Failure
629,No_Failure
630,No_Failure
631,No_Failure
632,No_Failure
633,No_Failure
634,No_Failure
635,No_Failure
636,No_Failure
637,No_Failure
638,No_Failure
639,No_Failure
640,No_Failure
641,No_Failure
642,No_Failure
643,No_Failure
644,No_Failure
645,No_Failure
646,No_Failure
647,No_Failure
648,No_Failure
649,No_Failure
650,No_Failure
651,No_Failure
652,No_Failure
653,No_Failure
654,No_Failure
655,No_Failure
656,No_Failure
657,No_Failure
658,No_Failure
659,No_Failure
660,No_Failure
661,No_Failure
662,No_Failure
663,No_Failure
664,No_Failure
665,No_Failure
666,No_Failure
667,No_Failure
668,No_Failure
669,No_Failure
670,No_Failure
671,No_Failure
672,No_Failure
673,No_Failure
674,No_Failure
675,No_Failure
676,No_Failure
677,No_Failure
678,No_Failure
679,No_Failure
680,No_Failure
681,No_Failure
682,No_Failure
683,No_Failure
684,No_Failure
685,No_Failure
686,No_Failure
687,No_Failure
688,No_Failure
689,No_Failure
690,No_Failure
691,No_Failure
692,No_Failure
693,No_Failure
694,No_Failure
695,No_Failure
696,No_Failure
697,No_Failure
698,No_Failure
699,No_Failure
700,No_Failure
701,No_Failure
702,No_Failure
703,No_Failure
704,No_Failure
705,No_Failure
706,No_Failure
707,No_Failure
708,No_Failure
709,No_Failure
710,No_Failure
711,No_Failure
712,No_Failure
713,No_Failure
714,No_Failure
715,No_Failure
716,No_Failure
717,No_Failure
718,No_Failure
719,No_Failure
720,No_Failure
721,No_Failure
722,No_Failure
723,No_Failure
724,No_Failure
725,No_Failure
726,No_Failure
727,No_Failure
728,No_Failure
729,No_Failure
730,No_Failure
731,No_Failure
732,No_Failure
733,No_Failure
734,No_Failure
735,No_Failure
736,No_Failure
737,No_Failure
738,No_Failure
739,No_Failure
740,No_Failure
741,No_Failure
742,No_Failure
743,No_Failure
744,No_Failure
745,No_Failure
746,No_Failure
747,No_Failure
748,No_Failure
749,No_Failure
750,No_Failure
751,No_Failure
752,No_Failure
753,No_Failure
754,No_Failure
755,No_Failure
756,No_Failure
757,No_Failure
758,No_Failure
759,No_Failure
760,No_Failure
761,No_Failure
762,No_Failure
763,No_Failure
764,No_Failure
765,No_Failure
766,No_Failure
767,No_Failure
768,No_Failure
769,No_Failure
770,No_Failure
771,No_Failure
772,No_Failure
773,No_Failure
774,No_Failure
775,No_Failure
776,No_Failure
777,No_Failure
778,No_Failure
779,No_Failure
780,No_Failure
781,No_Failure
782,No_Failure
783,No_Failure
784,No_Failure
785,No_Failure
786,No_Failure
787,No_Failure
788,No_Failure
789,No_Failure
790,No_Failure
791,No_Failure
792,No_Failure
793,No_Failure
794,No_Failure
795,No_Failure
796,No_Failure
797,No_Failure
798,No_Failure
799,No_Failure
800,No_Failure
801,No_Failure
802,No_Failure
803,No_Failure
804,No_Failure
805,No_Failure
806,No_Failure
807,No_Failure
808,No_Failure
809,No_Failure
810,No_Failure
811,No_Failure
812,No_Failure
813,No_Failure
814,No_Failure
815,No_Failure
816,No_Failure
817,No_Failure
818,No_Failure
819,No_Failure
820,No_Failure
821,No_Failure
822,No_Failure
823,No_Failure
824,No_Failure
825,No_Failure
826,No_Failure
827,No_Failure
828,No_Failure
829,No_Failure
830,No_Failure
831,No_Failure
832,No_Failure
833,No_Failure
834,No_Failure
835,No_Failure
836,No_Failure
837,No_Failure
838,No_Failure
839,PWF
840,OSF
841,No_Failure
842,No_Failure
843,No_Failure
844,No_Failure
845,No_Failure
846,No_Failure
847,No_Failure
848,No_Failure
849,No_Failure
850,No_Failure
851,No_Failure
852,No_Failure
853,No_Failure
854,No_Failure
855,No_Failure
856,No_Failure
857,No_Failure
858,No_Failure
859,No_Failure
860,No_Failure
861,No_Failure
862,No_Failure
863,No_Failure
864,No_Failure
865,No_Failure
866,No_Failure
867,No_Failure
868,No_Failure
869,No_Failure
870,No_Failure
871,No_Failure
872,No_Failure
873,No_Failure
874,No_Failure
875,No_Failure
876,No_Failure
877,No_Failure
878,No_Failure
879,No_Failure
880,No_Failure
881,No_Failure
882,No_Failure
883,No_Failure
884,No_Failure
885,No_Failure
886,No_Failure
887,No_Failure
888,No_Failure
889,No_Failure
890,PWF
891,No_Failure
892,No_Failure
893,No_Failure
894,No_Failure
895,No_Failure
896,No_Failure
897,No_Failure
898,No_Failure
899,No_Failure
900,No_Failure
901,No_Failure
902,No_Failure
903,No_Failure
904,No_Failure
905,No_Failure
906,No_Failure
907,No_Failure
908,No_Failure
909,No_Failure
910,No_Failure
911,No_Failure
912,No_Failure
913,No_Failure
914,No_Failure
915,No_Failure
916,No_Failure
917,No_Failure
918,No_Failure
919,No_Failure
920,No_Failure
921,No_Failure
922,No_Failure
923,No_Failure
924,No_Failure
925,No_Failure
926,No_Failure
927,No_Failure
928,No_Failure
929,No_Failure
930,No_Failure
931,No_Failure
932,No_Failure
933,No_Failure
934,No_Failure
935,No_Failure
936,No_Failure
937,No_Failure
938,No_Failure
939,No_Failure
940,No_Failure
941,No_Failure
942,No_Failure
943,No_Failure
944,No_Failure
945,No_Failure
946,No_Failure
947,No_Failure
948,No_Failure
949,No_Failure
950,No_Failure
951,No_Failure
952,No_Failure
953,No_Failure
954,No_Failure
955,No_Failure
956,No_Failure
957,No_Failure
958,No_Failure
959,No_Failure
960,No_Failure
961,No_Failure
962,No_Failure
963,No_Failure
964,No_Failure
965,No_Failure
966,No_Failure
967,No_Failure
968,No_Failure
969,No_Failure
970,No_Failure
971,No_Failure
972,No_Failure
973,No_Failure
974,No_Failure
975,No_Failure
976,No_Failure
977,No_Failure
978,No_Failure
979,No_Failure
980,No_Failure
981,No_Failure
982,No_Failure
983,No_Failure
